<?xml version="1.0" encoding="UTF-8"?>
<GenRun Id="impl_1" LaunchPart="xc7a35ticpg236-1L" LaunchTime="1605743531">
  <File Type="BITSTR-BMM" Name="codebreaker_serial_top_bd.bmm"/>
  <File Type="OPT-METHODOLOGY-DRC" Name="codebreaker_serial_top_methodology_drc_opted.rpt"/>
  <File Type="INIT-TIMING" Name="codebreaker_serial_top_timing_summary_init.rpt"/>
  <File Type="ROUTE-PWR" Name="codebreaker_serial_top_power_routed.rpt"/>
  <File Type="PA-TCL" Name="codebreaker_serial_top.tcl"/>
  <File Type="OPT-TIMING" Name="codebreaker_serial_top_timing_summary_opted.rpt"/>
  <File Type="OPT-DCP" Name="codebreaker_serial_top_opt.dcp"/>
  <File Type="ROUTE-PWR-SUM" Name="codebreaker_serial_top_power_summary_routed.pb"/>
  <File Type="REPORTS-TCL" Name="codebreaker_serial_top_reports.tcl"/>
  <File Type="OPT-DRC" Name="codebreaker_serial_top_drc_opted.rpt"/>
  <File Type="OPT-HWDEF" Name="codebreaker_serial_top.hwdef"/>
  <File Type="PWROPT-DCP" Name="codebreaker_serial_top_pwropt.dcp"/>
  <File Type="PWROPT-DRC" Name="codebreaker_serial_top_drc_pwropted.rpt"/>
  <File Type="PWROPT-TIMING" Name="codebreaker_serial_top_timing_summary_pwropted.rpt"/>
  <File Type="PLACE-DCP" Name="codebreaker_serial_top_placed.dcp"/>
  <File Type="PLACE-IO" Name="codebreaker_serial_top_io_placed.rpt"/>
  <File Type="PLACE-CLK" Name="codebreaker_serial_top_clock_utilization_placed.rpt"/>
  <File Type="PLACE-UTIL" Name="codebreaker_serial_top_utilization_placed.rpt"/>
  <File Type="PLACE-UTIL-PB" Name="codebreaker_serial_top_utilization_placed.pb"/>
  <File Type="PLACE-CTRL" Name="codebreaker_serial_top_control_sets_placed.rpt"/>
  <File Type="PLACE-SIMILARITY" Name="codebreaker_serial_top_incremental_reuse_placed.rpt"/>
  <File Type="PLACE-PRE-SIMILARITY" Name="codebreaker_serial_top_incremental_reuse_pre_placed.rpt"/>
  <File Type="BG-BGN" Name="codebreaker_serial_top.bgn"/>
  <File Type="PLACE-TIMING" Name="codebreaker_serial_top_timing_summary_placed.rpt"/>
  <File Type="POSTPLACE-PWROPT-DCP" Name="codebreaker_serial_top_postplace_pwropt.dcp"/>
  <File Type="BG-BIN" Name="codebreaker_serial_top.bin"/>
  <File Type="POSTPLACE-PWROPT-TIMING" Name="codebreaker_serial_top_timing_summary_postplace_pwropted.rpt"/>
  <File Type="PHYSOPT-DCP" Name="codebreaker_serial_top_physopt.dcp"/>
  <File Type="PHYSOPT-DRC" Name="codebreaker_serial_top_drc_physopted.rpt"/>
  <File Type="BITSTR-MSK" Name="codebreaker_serial_top.msk"/>
  <File Type="PHYSOPT-TIMING" Name="codebreaker_serial_top_timing_summary_physopted.rpt"/>
  <File Type="ROUTE-ERROR-DCP" Name="codebreaker_serial_top_routed_error.dcp"/>
  <File Type="ROUTE-DCP" Name="codebreaker_serial_top_routed.dcp"/>
  <File Type="ROUTE-BLACKBOX-DCP" Name="codebreaker_serial_top_routed_bb.dcp"/>
  <File Type="ROUTE-DRC" Name="codebreaker_serial_top_drc_routed.rpt"/>
  <File Type="ROUTE-DRC-PB" Name="codebreaker_serial_top_drc_routed.pb"/>
  <File Type="BITSTR-LTX" Name="debug_nets.ltx"/>
  <File Type="BITSTR-LTX" Name="codebreaker_serial_top.ltx"/>
  <File Type="ROUTE-DRC-RPX" Name="codebreaker_serial_top_drc_routed.rpx"/>
  <File Type="BITSTR-MMI" Name="codebreaker_serial_top.mmi"/>
  <File Type="ROUTE-METHODOLOGY-DRC" Name="codebreaker_serial_top_methodology_drc_routed.rpt"/>
  <File Type="ROUTE-METHODOLOGY-DRC-RPX" Name="codebreaker_serial_top_methodology_drc_routed.rpx"/>
  <File Type="BITSTR-SYSDEF" Name="codebreaker_serial_top.sysdef"/>
  <File Type="ROUTE-METHODOLOGY-DRC-PB" Name="codebreaker_serial_top_methodology_drc_routed.pb"/>
  <File Type="ROUTE-PWR-RPX" Name="codebreaker_serial_top_power_routed.rpx"/>
  <File Type="ROUTE-STATUS" Name="codebreaker_serial_top_route_status.rpt"/>
  <File Type="ROUTE-STATUS-PB" Name="codebreaker_serial_top_route_status.pb"/>
  <File Type="ROUTE-TIMINGSUMMARY" Name="codebreaker_serial_top_timing_summary_routed.rpt"/>
  <File Type="ROUTE-TIMING-PB" Name="codebreaker_serial_top_timing_summary_routed.pb"/>
  <File Type="ROUTE-TIMING-RPX" Name="codebreaker_serial_top_timing_summary_routed.rpx"/>
  <File Type="ROUTE-SIMILARITY" Name="codebreaker_serial_top_incremental_reuse_routed.rpt"/>
  <File Type="ROUTE-CLK" Name="codebreaker_serial_top_clock_utilization_routed.rpt"/>
  <File Type="ROUTE-BUS-SKEW" Name="codebreaker_serial_top_bus_skew_routed.rpt"/>
  <File Type="ROUTE-BUS-SKEW-PB" Name="codebreaker_serial_top_bus_skew_routed.pb"/>
  <File Type="ROUTE-BUS-SKEW-RPX" Name="codebreaker_serial_top_bus_skew_routed.rpx"/>
  <File Type="POSTROUTE-PHYSOPT-DCP" Name="codebreaker_serial_top_postroute_physopt.dcp"/>
  <File Type="POSTROUTE-PHYSOPT-BLACKBOX-DCP" Name="codebreaker_serial_top_postroute_physopt_bb.dcp"/>
  <File Type="POSTROUTE-PHYSOPT-TIMING" Name="codebreaker_serial_top_timing_summary_postroute_physopted.rpt"/>
  <File Type="POSTROUTE-PHYSOPT-TIMING-PB" Name="codebreaker_serial_top_timing_summary_postroute_physopted.pb"/>
  <File Type="POSTROUTE-PHYSOPT-TIMING-RPX" Name="codebreaker_serial_top_timing_summary_postroute_physopted.rpx"/>
  <File Type="POSTROUTE-PHYSOPT-BUS-SKEW" Name="codebreaker_serial_top_bus_skew_postroute_physopted.rpt"/>
  <File Type="POSTROUTE-PHYSOPT-BUS-SKEW-PB" Name="codebreaker_serial_top_bus_skew_postroute_physopted.pb"/>
  <File Type="BG-BIT" Name="codebreaker_serial_top.bit"/>
  <File Type="POSTROUTE-PHYSOPT-BUS-SKEW-RPX" Name="codebreaker_serial_top_bus_skew_postroute_physopted.rpx"/>
  <File Type="BITSTR-RBT" Name="codebreaker_serial_top.rbt"/>
  <File Type="BITSTR-NKY" Name="codebreaker_serial_top.nky"/>
  <File Type="BG-DRC" Name="codebreaker_serial_top.drc"/>
  <File Type="RDI-RDI" Name="codebreaker_serial_top.vdi"/>
  <File Type="WBT-USG" Name="usage_statistics_webtalk.html"/>
  <FileSet Name="sources" Type="DesignSrcs" RelSrcDir="$PSRCDIR/sources_1">
    <Filter Type="Srcs"/>
    <File Path="$PSRCDIR/sources_1/new/clk_generator.v">
      <FileInfo>
        <Attr Name="UsedIn" Val="synthesis"/>
        <Attr Name="UsedIn" Val="implementation"/>
        <Attr Name="UsedIn" Val="simulation"/>
      </FileInfo>
    </File>
    <File Path="$PSRCDIR/sources_1/new/CharDrawer_serial.sv">
      <FileInfo>
        <Attr Name="UsedIn" Val="synthesis"/>
        <Attr Name="UsedIn" Val="implementation"/>
        <Attr Name="UsedIn" Val="simulation"/>
      </FileInfo>
    </File>
    <File Path="$PSRCDIR/sources_1/new/Codebreaker.sv">
      <FileInfo>
        <Attr Name="UsedIn" Val="synthesis"/>
        <Attr Name="UsedIn" Val="implementation"/>
        <Attr Name="UsedIn" Val="simulation"/>
      </FileInfo>
    </File>
    <File Path="$PSRCDIR/sources_1/new/SevenSegmentControl.sv">
      <FileInfo>
        <Attr Name="UsedIn" Val="synthesis"/>
        <Attr Name="UsedIn" Val="implementation"/>
        <Attr Name="UsedIn" Val="simulation"/>
      </FileInfo>
    </File>
    <File Path="$PSRCDIR/sources_1/new/mod_counter.sv">
      <FileInfo>
        <Attr Name="UsedIn" Val="synthesis"/>
        <Attr Name="UsedIn" Val="implementation"/>
        <Attr Name="UsedIn" Val="simulation"/>
      </FileInfo>
    </File>
    <File Path="$PSRCDIR/sources_1/new/stopwatch.sv">
      <FileInfo>
        <Attr Name="UsedIn" Val="synthesis"/>
        <Attr Name="UsedIn" Val="implementation"/>
        <Attr Name="UsedIn" Val="simulation"/>
      </FileInfo>
    </File>
    <File Path="$PSRCDIR/sources_1/new/tx.sv">
      <FileInfo>
        <Attr Name="UsedIn" Val="synthesis"/>
        <Attr Name="UsedIn" Val="implementation"/>
        <Attr Name="UsedIn" Val="simulation"/>
      </FileInfo>
    </File>
    <File Path="$PSRCDIR/sources_1/new/codebreaker_serial_top.sv">
      <FileInfo>
        <Attr Name="UsedIn" Val="synthesis"/>
        <Attr Name="UsedIn" Val="implementation"/>
        <Attr Name="UsedIn" Val="simulation"/>
      </FileInfo>
    </File>
    <File Path="$PSRCDIR/sources_1/new/decrypt_rc4.sv">
      <FileInfo>
        <Attr Name="AutoDisabled" Val="1"/>
        <Attr Name="UsedIn" Val="synthesis"/>
        <Attr Name="UsedIn" Val="implementation"/>
        <Attr Name="UsedIn" Val="simulation"/>
      </FileInfo>
    </File>
    <Config>
      <Option Name="DesignMode" Val="RTL"/>
      <Option Name="TopModule" Val="codebreaker_serial_top"/>
    </Config>
  </FileSet>
  <FileSet Name="constrs_in" Type="Constrs" RelSrcDir="$PSRCDIR/constrs_1">
    <Filter Type="Constrs"/>
    <File Path="$PSRCDIR/constrs_1/new/XDConstraints.xdc">
      <FileInfo>
        <Attr Name="UsedIn" Val="synthesis"/>
        <Attr Name="UsedIn" Val="implementation"/>
      </FileInfo>
    </File>
    <Config>
      <Option Name="ConstrsType" Val="XDC"/>
    </Config>
  </FileSet>
  <FileSet Name="utils" Type="Utils" RelSrcDir="$PSRCDIR/utils_1">
    <Filter Type="Utils"/>
    <Config>
      <Option Name="TopAutoSet" Val="TRUE"/>
    </Config>
  </FileSet>
  <Strategy Version="1" Minor="2">
    <StratHandle Name="Vivado Implementation Defaults" Flow="Vivado Implementation 2019">
      <Desc>Default settings for Implementation.</Desc>
    </StratHandle>
    <Step Id="init_design"/>
    <Step Id="opt_design"/>
    <Step Id="power_opt_design"/>
    <Step Id="place_design"/>
    <Step Id="post_place_power_opt_design"/>
    <Step Id="phys_opt_design"/>
    <Step Id="route_design"/>
    <Step Id="post_route_phys_opt_design"/>
    <Step Id="write_bitstream"/>
  </Strategy>
</GenRun>
