<?xml version="1.0" encoding="UTF-8"?>
<GenRun Id="impl_1" LaunchPart="xc7a35ticpg236-1L" LaunchTime="1603325339">
  <File Type="ROUTE-PWR" Name="FourBitCounter_power_routed.rpt"/>
  <File Type="PA-TCL" Name="FourBitCounter.tcl"/>
  <File Type="BITSTR-BMM" Name="FourBitCounter_bd.bmm"/>
  <File Type="ROUTE-PWR-SUM" Name="FourBitCounter_power_summary_routed.pb"/>
  <File Type="REPORTS-TCL" Name="FourBitCounter_reports.tcl"/>
  <File Type="OPT-DCP" Name="FourBitCounter_opt.dcp"/>
  <File Type="OPT-DRC" Name="FourBitCounter_drc_opted.rpt"/>
  <File Type="OPT-HWDEF" Name="FourBitCounter.hwdef"/>
  <File Type="PWROPT-DCP" Name="FourBitCounter_pwropt.dcp"/>
  <File Type="PLACE-DCP" Name="FourBitCounter_placed.dcp"/>
  <File Type="PLACE-IO" Name="FourBitCounter_io_placed.rpt"/>
  <File Type="PLACE-UTIL" Name="FourBitCounter_utilization_placed.rpt"/>
  <File Type="PLACE-UTIL-PB" Name="FourBitCounter_utilization_placed.pb"/>
  <File Type="PLACE-CTRL" Name="FourBitCounter_control_sets_placed.rpt"/>
  <File Type="PLACE-PRE-SIMILARITY" Name="FourBitCounter_incremental_reuse_pre_placed.rpt"/>
  <File Type="BG-BGN" Name="FourBitCounter.bgn"/>
  <File Type="POSTPLACE-PWROPT-DCP" Name="FourBitCounter_postplace_pwropt.dcp"/>
  <File Type="BG-BIN" Name="FourBitCounter.bin"/>
  <File Type="PHYSOPT-DCP" Name="FourBitCounter_physopt.dcp"/>
  <File Type="BITSTR-MSK" Name="FourBitCounter.msk"/>
  <File Type="ROUTE-ERROR-DCP" Name="FourBitCounter_routed_error.dcp"/>
  <File Type="ROUTE-DCP" Name="FourBitCounter_routed.dcp"/>
  <File Type="ROUTE-BLACKBOX-DCP" Name="FourBitCounter_routed_bb.dcp"/>
  <File Type="ROUTE-DRC" Name="FourBitCounter_drc_routed.rpt"/>
  <File Type="ROUTE-DRC-PB" Name="FourBitCounter_drc_routed.pb"/>
  <File Type="ROUTE-DRC-RPX" Name="FourBitCounter_drc_routed.rpx"/>
  <File Type="BITSTR-LTX" Name="FourBitCounter.ltx"/>
  <File Type="ROUTE-METHODOLOGY-DRC" Name="FourBitCounter_methodology_drc_routed.rpt"/>
  <File Type="BITSTR-MMI" Name="FourBitCounter.mmi"/>
  <File Type="ROUTE-METHODOLOGY-DRC-RPX" Name="FourBitCounter_methodology_drc_routed.rpx"/>
  <File Type="ROUTE-METHODOLOGY-DRC-PB" Name="FourBitCounter_methodology_drc_routed.pb"/>
  <File Type="BITSTR-SYSDEF" Name="FourBitCounter.sysdef"/>
  <File Type="ROUTE-PWR-RPX" Name="FourBitCounter_power_routed.rpx"/>
  <File Type="ROUTE-STATUS" Name="FourBitCounter_route_status.rpt"/>
  <File Type="ROUTE-STATUS-PB" Name="FourBitCounter_route_status.pb"/>
  <File Type="ROUTE-TIMINGSUMMARY" Name="FourBitCounter_timing_summary_routed.rpt"/>
  <File Type="ROUTE-TIMING-PB" Name="FourBitCounter_timing_summary_routed.pb"/>
  <File Type="ROUTE-TIMING-RPX" Name="FourBitCounter_timing_summary_routed.rpx"/>
  <File Type="ROUTE-CLK" Name="FourBitCounter_clock_utilization_routed.rpt"/>
  <File Type="ROUTE-BUS-SKEW" Name="FourBitCounter_bus_skew_routed.rpt"/>
  <File Type="ROUTE-BUS-SKEW-PB" Name="FourBitCounter_bus_skew_routed.pb"/>
  <File Type="ROUTE-BUS-SKEW-RPX" Name="FourBitCounter_bus_skew_routed.rpx"/>
  <File Type="POSTROUTE-PHYSOPT-DCP" Name="FourBitCounter_postroute_physopt.dcp"/>
  <File Type="POSTROUTE-PHYSOPT-BLACKBOX-DCP" Name="FourBitCounter_postroute_physopt_bb.dcp"/>
  <File Type="BG-BIT" Name="FourBitCounter.bit"/>
  <File Type="BITSTR-RBT" Name="FourBitCounter.rbt"/>
  <File Type="BITSTR-NKY" Name="FourBitCounter.nky"/>
  <File Type="BG-DRC" Name="FourBitCounter.drc"/>
  <File Type="RDI-RDI" Name="FourBitCounter.vdi"/>
  <File Type="WBT-USG" Name="usage_statistics_webtalk.html"/>
  <FileSet Name="sources" Type="DesignSrcs" RelSrcDir="$PSRCDIR/sources_1">
    <Filter Type="Srcs"/>
    <File Path="$PSRCDIR/sources_1/new/FourBitCounter.sv">
      <FileInfo>
        <Attr Name="UsedIn" Val="synthesis"/>
        <Attr Name="UsedIn" Val="implementation"/>
        <Attr Name="UsedIn" Val="simulation"/>
      </FileInfo>
    </File>
    <File Path="$PSRCDIR/sources_1/new/FourBitFunRegister.sv">
      <FileInfo>
        <Attr Name="AutoDisabled" Val="1"/>
        <Attr Name="UsedIn" Val="synthesis"/>
        <Attr Name="UsedIn" Val="implementation"/>
        <Attr Name="UsedIn" Val="simulation"/>
      </FileInfo>
    </File>
    <File Path="$PSRCDIR/sources_1/new/FunRegister.sv">
      <FileInfo>
        <Attr Name="AutoDisabled" Val="1"/>
        <Attr Name="UsedIn" Val="synthesis"/>
        <Attr Name="UsedIn" Val="implementation"/>
        <Attr Name="UsedIn" Val="simulation"/>
      </FileInfo>
    </File>
    <Config>
      <Option Name="DesignMode" Val="RTL"/>
      <Option Name="TopModule" Val="FourBitCounter"/>
    </Config>
  </FileSet>
  <FileSet Name="constrs_in" Type="Constrs" RelSrcDir="$PSRCDIR/constrs_1">
    <Filter Type="Constrs"/>
    <File Path="$PSRCDIR/constrs_1/new/XDConstraints.xdc">
      <FileInfo>
        <Attr Name="UsedIn" Val="synthesis"/>
        <Attr Name="UsedIn" Val="implementation"/>
      </FileInfo>
    </File>
    <Config>
      <Option Name="ConstrsType" Val="XDC"/>
    </Config>
  </FileSet>
  <FileSet Name="utils" Type="Utils" RelSrcDir="$PSRCDIR/utils_1">
    <Filter Type="Utils"/>
    <Config>
      <Option Name="TopAutoSet" Val="TRUE"/>
    </Config>
  </FileSet>
  <Strategy Version="1" Minor="2">
    <StratHandle Name="Vivado Implementation Defaults" Flow="Vivado Implementation 2019"/>
    <Step Id="init_design"/>
    <Step Id="opt_design"/>
    <Step Id="power_opt_design"/>
    <Step Id="place_design"/>
    <Step Id="post_place_power_opt_design"/>
    <Step Id="phys_opt_design"/>
    <Step Id="route_design"/>
    <Step Id="post_route_phys_opt_design"/>
    <Step Id="write_bitstream"/>
  </Strategy>
</GenRun>
