<?xml version="1.0" encoding="UTF-8"?>
<GenRun Id="impl_1" LaunchPart="xc7a35ticpg236-1L" LaunchTime="1600911967">
  <File Type="OPT-HWDEF" Name="FourFunctions.hwdef"/>
  <File Type="ROUTE-BUS-SKEW" Name="FourFunctions_bus_skew_routed.rpt"/>
  <File Type="PA-DCP" Name="FourFunctions.dcp"/>
  <File Type="BITSTR-BMM" Name="FourFunctions_bd.bmm"/>
  <File Type="OPT-METHODOLOGY-DRC" Name="FourFunctions_methodology_drc_opted.rpt"/>
  <File Type="INIT-TIMING" Name="FourFunctions_timing_summary_init.rpt"/>
  <File Type="ROUTE-PWR" Name="FourFunctions_power_routed.rpt"/>
  <File Type="PA-TCL" Name="FourFunctions.tcl"/>
  <File Type="OPT-TIMING" Name="FourFunctions_timing_summary_opted.rpt"/>
  <File Type="OPT-DCP" Name="FourFunctions_opt.dcp"/>
  <File Type="ROUTE-PWR-SUM" Name="FourFunctions_power_summary_routed.pb"/>
  <File Type="REPORTS-TCL" Name="FourFunctions_reports.tcl"/>
  <File Type="OPT-DRC" Name="FourFunctions_drc_opted.rpt"/>
  <File Type="PWROPT-DCP" Name="FourFunctions_pwropt.dcp"/>
  <File Type="PWROPT-DRC" Name="FourFunctions_drc_pwropted.rpt"/>
  <File Type="PWROPT-TIMING" Name="FourFunctions_timing_summary_pwropted.rpt"/>
  <File Type="PLACE-DCP" Name="FourFunctions_placed.dcp"/>
  <File Type="PLACE-IO" Name="FourFunctions_io_placed.rpt"/>
  <File Type="PLACE-CLK" Name="FourFunctions_clock_utilization_placed.rpt"/>
  <File Type="PLACE-UTIL" Name="FourFunctions_utilization_placed.rpt"/>
  <File Type="PLACE-UTIL-PB" Name="FourFunctions_utilization_placed.pb"/>
  <File Type="PLACE-CTRL" Name="FourFunctions_control_sets_placed.rpt"/>
  <File Type="PLACE-SIMILARITY" Name="FourFunctions_incremental_reuse_placed.rpt"/>
  <File Type="PLACE-PRE-SIMILARITY" Name="FourFunctions_incremental_reuse_pre_placed.rpt"/>
  <File Type="PLACE-TIMING" Name="FourFunctions_timing_summary_placed.rpt"/>
  <File Type="POSTPLACE-PWROPT-DCP" Name="FourFunctions_postplace_pwropt.dcp"/>
  <File Type="BG-BIN" Name="FourFunctions.bin"/>
  <File Type="POSTPLACE-PWROPT-TIMING" Name="FourFunctions_timing_summary_postplace_pwropted.rpt"/>
  <File Type="PHYSOPT-DCP" Name="FourFunctions_physopt.dcp"/>
  <File Type="PHYSOPT-DRC" Name="FourFunctions_drc_physopted.rpt"/>
  <File Type="BITSTR-MSK" Name="FourFunctions.msk"/>
  <File Type="PHYSOPT-TIMING" Name="FourFunctions_timing_summary_physopted.rpt"/>
  <File Type="ROUTE-ERROR-DCP" Name="FourFunctions_routed_error.dcp"/>
  <File Type="ROUTE-DCP" Name="FourFunctions_routed.dcp"/>
  <File Type="ROUTE-BLACKBOX-DCP" Name="FourFunctions_routed_bb.dcp"/>
  <File Type="ROUTE-DRC" Name="FourFunctions_drc_routed.rpt"/>
  <File Type="ROUTE-DRC-PB" Name="FourFunctions_drc_routed.pb"/>
  <File Type="BITSTR-LTX" Name="debug_nets.ltx"/>
  <File Type="BITSTR-LTX" Name="FourFunctions.ltx"/>
  <File Type="ROUTE-DRC-RPX" Name="FourFunctions_drc_routed.rpx"/>
  <File Type="BITSTR-MMI" Name="FourFunctions.mmi"/>
  <File Type="ROUTE-METHODOLOGY-DRC" Name="FourFunctions_methodology_drc_routed.rpt"/>
  <File Type="ROUTE-METHODOLOGY-DRC-RPX" Name="FourFunctions_methodology_drc_routed.rpx"/>
  <File Type="BITSTR-SYSDEF" Name="FourFunctions.sysdef"/>
  <File Type="ROUTE-METHODOLOGY-DRC-PB" Name="FourFunctions_methodology_drc_routed.pb"/>
  <File Type="ROUTE-PWR-RPX" Name="FourFunctions_power_routed.rpx"/>
  <File Type="ROUTE-STATUS" Name="FourFunctions_route_status.rpt"/>
  <File Type="ROUTE-STATUS-PB" Name="FourFunctions_route_status.pb"/>
  <File Type="ROUTE-TIMINGSUMMARY" Name="FourFunctions_timing_summary_routed.rpt"/>
  <File Type="ROUTE-TIMING-PB" Name="FourFunctions_timing_summary_routed.pb"/>
  <File Type="ROUTE-TIMING-RPX" Name="FourFunctions_timing_summary_routed.rpx"/>
  <File Type="ROUTE-SIMILARITY" Name="FourFunctions_incremental_reuse_routed.rpt"/>
  <File Type="ROUTE-CLK" Name="FourFunctions_clock_utilization_routed.rpt"/>
  <File Type="ROUTE-BUS-SKEW-PB" Name="FourFunctions_bus_skew_routed.pb"/>
  <File Type="ROUTE-BUS-SKEW-RPX" Name="FourFunctions_bus_skew_routed.rpx"/>
  <File Type="POSTROUTE-PHYSOPT-DCP" Name="FourFunctions_postroute_physopt.dcp"/>
  <File Type="POSTROUTE-PHYSOPT-BLACKBOX-DCP" Name="FourFunctions_postroute_physopt_bb.dcp"/>
  <File Type="POSTROUTE-PHYSOPT-TIMING" Name="FourFunctions_timing_summary_postroute_physopted.rpt"/>
  <File Type="POSTROUTE-PHYSOPT-TIMING-PB" Name="FourFunctions_timing_summary_postroute_physopted.pb"/>
  <File Type="POSTROUTE-PHYSOPT-TIMING-RPX" Name="FourFunctions_timing_summary_postroute_physopted.rpx"/>
  <File Type="POSTROUTE-PHYSOPT-BUS-SKEW" Name="FourFunctions_bus_skew_postroute_physopted.rpt"/>
  <File Type="POSTROUTE-PHYSOPT-BUS-SKEW-PB" Name="FourFunctions_bus_skew_postroute_physopted.pb"/>
  <File Type="BG-BIT" Name="FourFunctions.bit"/>
  <File Type="POSTROUTE-PHYSOPT-BUS-SKEW-RPX" Name="FourFunctions_bus_skew_postroute_physopted.rpx"/>
  <File Type="BITSTR-RBT" Name="FourFunctions.rbt"/>
  <File Type="BITSTR-NKY" Name="FourFunctions.nky"/>
  <File Type="BG-BGN" Name="FourFunctions.bgn"/>
  <File Type="BG-DRC" Name="FourFunctions.drc"/>
  <File Type="RDI-RDI" Name="FourFunctions.vdi"/>
  <File Type="WBT-USG" Name="usage_statistics_webtalk.html"/>
  <FileSet Name="sources" Type="DesignSrcs" RelSrcDir="$PSRCDIR/sources_1">
    <Filter Type="Srcs"/>
    <File Path="$PSRCDIR/sources_1/new/FourFunctions.sv">
      <FileInfo>
        <Attr Name="UsedIn" Val="synthesis"/>
        <Attr Name="UsedIn" Val="implementation"/>
        <Attr Name="UsedIn" Val="simulation"/>
      </FileInfo>
    </File>
    <Config>
      <Option Name="DesignMode" Val="RTL"/>
      <Option Name="TopModule" Val="FourFunctions"/>
      <Option Name="TopAutoSet" Val="TRUE"/>
    </Config>
  </FileSet>
  <FileSet Name="constrs_in" Type="Constrs" RelSrcDir="$PSRCDIR/constrs_1">
    <Filter Type="Constrs"/>
    <File Path="$PSRCDIR/constrs_1/new/Constraints.xdc">
      <FileInfo>
        <Attr Name="UsedIn" Val="synthesis"/>
        <Attr Name="UsedIn" Val="implementation"/>
      </FileInfo>
    </File>
    <Config>
      <Option Name="ConstrsType" Val="XDC"/>
    </Config>
  </FileSet>
  <FileSet Name="utils" Type="Utils" RelSrcDir="$PSRCDIR/utils_1">
    <Filter Type="Utils"/>
    <Config>
      <Option Name="TopAutoSet" Val="TRUE"/>
    </Config>
  </FileSet>
  <Strategy Version="1" Minor="2">
    <StratHandle Name="Vivado Implementation Defaults" Flow="Vivado Implementation 2019">
      <Desc>Default settings for Implementation.</Desc>
    </StratHandle>
    <Step Id="init_design"/>
    <Step Id="opt_design"/>
    <Step Id="power_opt_design"/>
    <Step Id="place_design"/>
    <Step Id="post_place_power_opt_design"/>
    <Step Id="phys_opt_design"/>
    <Step Id="route_design"/>
    <Step Id="post_route_phys_opt_design"/>
    <Step Id="write_bitstream"/>
  </Strategy>
</GenRun>
