<?xml version="1.0" encoding="UTF-8"?>
<GenRun Id="impl_1" LaunchPart="xc7a35ticpg236-1L" LaunchTime="1602285642">
  <File Type="BITSTR-BMM" Name="seven_segment_top_bd.bmm"/>
  <File Type="ROUTE-PWR" Name="seven_segment_top_power_routed.rpt"/>
  <File Type="PA-TCL" Name="seven_segment_top.tcl"/>
  <File Type="OPT-DCP" Name="seven_segment_top_opt.dcp"/>
  <File Type="ROUTE-PWR-SUM" Name="seven_segment_top_power_summary_routed.pb"/>
  <File Type="REPORTS-TCL" Name="seven_segment_top_reports.tcl"/>
  <File Type="OPT-DRC" Name="seven_segment_top_drc_opted.rpt"/>
  <File Type="OPT-HWDEF" Name="seven_segment_top.hwdef"/>
  <File Type="PWROPT-DCP" Name="seven_segment_top_pwropt.dcp"/>
  <File Type="PLACE-DCP" Name="seven_segment_top_placed.dcp"/>
  <File Type="PLACE-IO" Name="seven_segment_top_io_placed.rpt"/>
  <File Type="PLACE-UTIL" Name="seven_segment_top_utilization_placed.rpt"/>
  <File Type="PLACE-UTIL-PB" Name="seven_segment_top_utilization_placed.pb"/>
  <File Type="PLACE-CTRL" Name="seven_segment_top_control_sets_placed.rpt"/>
  <File Type="PLACE-PRE-SIMILARITY" Name="seven_segment_top_incremental_reuse_pre_placed.rpt"/>
  <File Type="BG-BGN" Name="seven_segment_top.bgn"/>
  <File Type="POSTPLACE-PWROPT-DCP" Name="seven_segment_top_postplace_pwropt.dcp"/>
  <File Type="BG-BIN" Name="seven_segment_top.bin"/>
  <File Type="PHYSOPT-DCP" Name="seven_segment_top_physopt.dcp"/>
  <File Type="BITSTR-MSK" Name="seven_segment_top.msk"/>
  <File Type="ROUTE-ERROR-DCP" Name="seven_segment_top_routed_error.dcp"/>
  <File Type="ROUTE-DCP" Name="seven_segment_top_routed.dcp"/>
  <File Type="ROUTE-BLACKBOX-DCP" Name="seven_segment_top_routed_bb.dcp"/>
  <File Type="ROUTE-DRC" Name="seven_segment_top_drc_routed.rpt"/>
  <File Type="ROUTE-DRC-PB" Name="seven_segment_top_drc_routed.pb"/>
  <File Type="BITSTR-LTX" Name="seven_segment_top.ltx"/>
  <File Type="ROUTE-DRC-RPX" Name="seven_segment_top_drc_routed.rpx"/>
  <File Type="BITSTR-MMI" Name="seven_segment_top.mmi"/>
  <File Type="ROUTE-METHODOLOGY-DRC" Name="seven_segment_top_methodology_drc_routed.rpt"/>
  <File Type="ROUTE-METHODOLOGY-DRC-RPX" Name="seven_segment_top_methodology_drc_routed.rpx"/>
  <File Type="BITSTR-SYSDEF" Name="seven_segment_top.sysdef"/>
  <File Type="ROUTE-METHODOLOGY-DRC-PB" Name="seven_segment_top_methodology_drc_routed.pb"/>
  <File Type="ROUTE-PWR-RPX" Name="seven_segment_top_power_routed.rpx"/>
  <File Type="ROUTE-STATUS" Name="seven_segment_top_route_status.rpt"/>
  <File Type="ROUTE-STATUS-PB" Name="seven_segment_top_route_status.pb"/>
  <File Type="ROUTE-TIMINGSUMMARY" Name="seven_segment_top_timing_summary_routed.rpt"/>
  <File Type="ROUTE-TIMING-PB" Name="seven_segment_top_timing_summary_routed.pb"/>
  <File Type="ROUTE-TIMING-RPX" Name="seven_segment_top_timing_summary_routed.rpx"/>
  <File Type="RDI-RDI" Name="seven_segment_top.vdi"/>
  <File Type="ROUTE-CLK" Name="seven_segment_top_clock_utilization_routed.rpt"/>
  <File Type="ROUTE-BUS-SKEW" Name="seven_segment_top_bus_skew_routed.rpt"/>
  <File Type="ROUTE-BUS-SKEW-PB" Name="seven_segment_top_bus_skew_routed.pb"/>
  <File Type="ROUTE-BUS-SKEW-RPX" Name="seven_segment_top_bus_skew_routed.rpx"/>
  <File Type="POSTROUTE-PHYSOPT-DCP" Name="seven_segment_top_postroute_physopt.dcp"/>
  <File Type="POSTROUTE-PHYSOPT-BLACKBOX-DCP" Name="seven_segment_top_postroute_physopt_bb.dcp"/>
  <File Type="BG-BIT" Name="seven_segment_top.bit"/>
  <File Type="BITSTR-RBT" Name="seven_segment_top.rbt"/>
  <File Type="BITSTR-NKY" Name="seven_segment_top.nky"/>
  <File Type="BG-DRC" Name="seven_segment_top.drc"/>
  <File Type="WBT-USG" Name="usage_statistics_webtalk.html"/>
  <FileSet Name="sources" Type="DesignSrcs" RelSrcDir="$PSRCDIR/sources_1">
    <Filter Type="Srcs"/>
    <File Path="$PSRCDIR/sources_1/new/seven_segment.sv">
      <FileInfo>
        <Attr Name="UsedIn" Val="synthesis"/>
        <Attr Name="UsedIn" Val="implementation"/>
        <Attr Name="UsedIn" Val="simulation"/>
      </FileInfo>
    </File>
    <File Path="$PSRCDIR/sources_1/new/seven_segment_top.sv">
      <FileInfo>
        <Attr Name="UsedIn" Val="synthesis"/>
        <Attr Name="UsedIn" Val="implementation"/>
        <Attr Name="UsedIn" Val="simulation"/>
      </FileInfo>
    </File>
    <Config>
      <Option Name="DesignMode" Val="RTL"/>
      <Option Name="TopModule" Val="seven_segment_top"/>
      <Option Name="TopAutoSet" Val="TRUE"/>
    </Config>
  </FileSet>
  <FileSet Name="constrs_in" Type="Constrs" RelSrcDir="$PSRCDIR/constrs_1">
    <Filter Type="Constrs"/>
    <File Path="$PSRCDIR/constrs_1/new/XDConstraints.xdc">
      <FileInfo>
        <Attr Name="UsedIn" Val="synthesis"/>
        <Attr Name="UsedIn" Val="implementation"/>
      </FileInfo>
    </File>
    <Config>
      <Option Name="ConstrsType" Val="XDC"/>
    </Config>
  </FileSet>
  <FileSet Name="utils" Type="Utils" RelSrcDir="$PSRCDIR/utils_1">
    <Filter Type="Utils"/>
    <Config>
      <Option Name="TopAutoSet" Val="TRUE"/>
    </Config>
  </FileSet>
  <Strategy Version="1" Minor="2">
    <StratHandle Name="Vivado Implementation Defaults" Flow="Vivado Implementation 2019"/>
    <Step Id="init_design"/>
    <Step Id="opt_design"/>
    <Step Id="power_opt_design"/>
    <Step Id="place_design"/>
    <Step Id="post_place_power_opt_design"/>
    <Step Id="phys_opt_design"/>
    <Step Id="route_design"/>
    <Step Id="post_route_phys_opt_design"/>
    <Step Id="write_bitstream"/>
  </Strategy>
</GenRun>
